2026-09-02, 00:00:00, 23.26, 50.84
2026-09-02, 00:00:01, 23.24, 50.83
2026-09-02, 00:00:03, 23.2, 50.83
2026-09-02, 00:00:04, 23.22, 50.83
2026-09-02, 00:00:05, 23.22, 50.86
2026-09-02, 00:00:07, 23.24, 50.86
2026-09-02, 00:00:08, 23.23, 50.83
2026-09-02, 00:00:09, 23.22, 50.86
2026-09-02, 00:00:11, 23.22, 50.86
2026-09-02, 00:00:12, 23.24, 50.86
2026-09-02, 00:00:13, 23.22, 50.86
2026-09-02, 00:00:15, 23.19, 50.86
2026-09-02, 00:00:16, 23.23, 50.86
2026-09-02, 00:00:17, 23.24, 50.86
2026-09-02, 00:00:18, 23.24, 50.83
2026-09-02, 00:00:20, 23.23, 50.83
2026-09-02, 00:00:21, 23.25, 50.87
2026-09-02, 00:00:22, 23.24, 50.83
2026-09-02, 00:00:24, 23.23, 50.83
2026-09-02, 00:00:25, 23.25, 50.83
2026-09-02, 00:00:26, 23.26, 50.84
2026-09-02, 00:00:28, 23.24, 50.83
2026-09-02, 00:00:29, 23.23, 50.83
2026-09-02, 00:00:30, 23.25, 50.83
2026-09-02, 00:00:32, 23.24, 50.83
2026-09-02, 00:00:33, 23.25, 50.83
2026-09-02, 00:00:34, 23.24, 50.83
2026-09-02, 00:00:36, 23.23, 50.83
2026-09-02, 00:00:37, 23.24, 50.83
2026-09-02, 00:00:38, 23.24, 50.83
2026-09-02, 00:00:40, 23.24, 50.83
2026-09-02, 00:00:41, 23.24, 50.83
2026-09-02, 00:00:42, 23.24, 50.83
2026-09-02, 00:00:44, 23.24, 50.83
2026-09-02, 00:00:45, 23.23, 50.8
2026-09-02, 00:00:46, 23.24, 50.83
2026-09-02, 00:00:48, 23.24, 50.83
2026-09-02, 00:00:49, 23.24, 50.83
2026-09-02, 00:00:50, 23.23, 50.83
2026-09-02, 00:00:52, 23.24, 50.8
2026-09-02, 00:00:53, 23.25, 50.8
2026-09-02, 00:00:54, 23.23, 50.8
2026-09-02, 00:00:56, 23.23, 50.83
2026-09-02, 00:00:57, 23.24, 50.83
2026-09-02, 00:00:58, 23.23, 50.8
2026-09-02, 00:01:00, 23.24, 50.8
2026-09-02, 00:01:01, 23.23, 50.8
2026-09-02, 00:01:02, 23.23, 50.8
2026-09-02, 00:01:04, 23.24, 50.8
2026-09-02, 00:01:05, 23.25, 50.8
2026-09-02, 00:01:06, 23.23, 50.83
2026-09-02, 00:01:08, 23.24, 50.8
2026-09-02, 00:01:09, 23.24, 50.8
2026-09-02, 00:01:10, 23.24, 50.8
2026-09-02, 00:01:12, 23.24, 50.8
2026-09-02, 00:01:13, 23.24, 50.8
2026-09-02, 00:01:14, 23.24, 50.83
2026-09-02, 00:01:16, 23.24, 50.83
2026-09-02, 00:01:17, 23.24, 50.8
2026-09-02, 00:01:18, 23.24, 50.83
2026-09-02, 00:01:20, 23.23, 50.8
2026-09-02, 00:01:21, 23.24, 50.83
2026-09-02, 00:01:22, 23.23, 50.8
2026-09-02, 00:01:24, 23.25, 50.8
2026-09-02, 00:01:25, 23.24, 50.8
2026-09-02, 00:01:26, 23.25, 50.8
2026-09-02, 00:01:28, 23.25, 50.83
2026-09-02, 00:01:29, 23.25, 50.83
2026-09-02, 00:01:30, 23.25, 50.8
2026-09-02, 00:01:32, 23.25, 50.8
2026-09-02, 00:01:33, 23.25, 50.8
2026-09-02, 00:01:34, 23.24, 50.77
2026-09-02, 00:01:36, 23.24, 50.8
2026-09-02, 00:01:37, 23.25, 50.8
2026-09-02, 00:01:38, 23.24, 50.8
2026-09-02, 00:01:40, 23.25, 50.77
2026-09-02, 00:01:41, 23.24, 50.8
2026-09-02, 00:01:42, 23.25, 50.77
2026-09-02, 00:01:44, 23.23, 50.8
2026-09-02, 00:01:45, 23.25, 50.77
2026-09-02, 00:01:46, 23.24, 50.77
2026-09-02, 00:01:48, 23.24, 50.77
2026-09-02, 00:01:49, 23.25, 50.8
2026-09-02, 00:01:50, 23.26, 50.77
2026-09-02, 00:01:52, 23.26, 50.77
2026-09-02, 00:01:53, 23.26, 50.77
2026-09-02, 00:01:54, 23.25, 50.77
2026-09-02, 00:01:55, 23.24, 50.77
2026-09-02, 00:01:57, 23.24, 50.77
2026-09-02, 00:01:58, 23.25, 50.77
2026-09-02, 00:01:59, 23.26, 50.77
2026-09-02, 00:02:01, 23.27, 50.77
2026-09-02, 00:02:02, 23.26, 50.74
2026-09-02, 00:02:03, 23.27, 50.77
2026-09-02, 00:02:05, 23.26, 50.77
2026-09-02, 00:02:06, 23.26, 50.77
2026-09-02, 00:02:07, 23.26, 50.77
2026-09-02, 00:02:09, 23.26, 50.77
2026-09-02, 00:02:10, 23.25, 50.77
2026-09-02, 00:02:11, 23.26, 50.77
2026-09-02, 00:02:13, 23.25, 50.74
2026-09-02, 00:02:14, 23.25, 50.77
2026-09-02, 00:02:15, 23.21, 50.73
2026-09-02, 00:02:17, 23.23, 50.74
2026-09-02, 00:02:18, 23.26, 50.77
2026-09-02, 00:02:19, 23.25, 50.77
2026-09-02, 00:02:21, 23.26, 50.77
2026-09-02, 00:02:22, 23.26, 50.77
2026-09-02, 00:02:23, 23.26, 50.77
2026-09-02, 00:02:25, 23.25, 50.77
2026-09-02, 00:02:26, 23.25, 50.77
2026-09-02, 00:02:27, 23.26, 50.77
2026-09-02, 00:02:29, 23.25, 50.77
2026-09-02, 00:02:30, 23.23, 50.77
2026-09-02, 00:02:31, 23.26, 50.77
2026-09-02, 00:02:33, 23.24, 50.77
2026-09-02, 00:02:34, 23.25, 50.77
2026-09-02, 00:02:35, 23.26, 50.77
2026-09-02, 00:02:37, 23.24, 50.77
2026-09-02, 00:02:38, 23.25, 50.77
2026-09-02, 00:02:39, 23.26, 50.77
2026-09-02, 00:02:41, 23.25, 50.77
2026-09-02, 00:02:42, 23.25, 50.77
2026-09-02, 00:02:43, 23.24, 50.77
2026-09-02, 00:02:45, 23.26, 50.77
2026-09-02, 00:02:46, 23.26, 50.77
2026-09-02, 00:02:47, 23.25, 50.77
2026-09-02, 00:02:49, 23.26, 50.77
2026-09-02, 00:02:50, 23.26, 50.77
2026-09-02, 00:02:51, 23.25, 50.77
2026-09-02, 00:02:53, 23.25, 50.77
2026-09-02, 00:02:54, 23.26, 50.74
2026-09-02, 00:02:55, 23.25, 50.77
2026-09-02, 00:02:57, 23.25, 50.77
2026-09-02, 00:02:58, 23.25, 50.77
2026-09-02, 00:02:59, 23.24, 50.77
2026-09-02, 00:03:01, 23.24, 50.77
2026-09-02, 00:03:02, 23.25, 50.77
2026-09-02, 00:03:03, 23.24, 50.77
2026-09-02, 00:03:05, 23.26, 50.77
2026-09-02, 00:03:06, 23.26, 50.77
2026-09-02, 00:03:07, 23.25, 50.77
2026-09-02, 00:03:09, 23.24, 50.77
2026-09-02, 00:03:10, 23.26, 50.77
2026-09-02, 00:03:11, 23.25, 50.77
2026-09-02, 00:03:13, 23.26, 50.77
2026-09-02, 00:03:14, 23.26, 50.77
2026-09-02, 00:03:15, 23.26, 50.77
2026-09-02, 00:03:17, 23.26, 50.77
2026-09-02, 00:03:18, 23.26, 50.77
2026-09-02, 00:03:19, 23.24, 50.77
2026-09-02, 00:03:21, 23.25, 50.77
2026-09-02, 00:03:22, 23.24, 50.77
2026-09-02, 00:03:23, 23.26, 50.77
2026-09-02, 00:03:24, 23.26, 50.77
2026-09-02, 00:03:26, 23.25, 50.77
2026-09-02, 00:03:27, 23.25, 50.77
2026-09-02, 00:03:28, 23.25, 50.77
2026-09-02, 00:03:30, 23.25, 50.77
2026-09-02, 00:03:31, 23.26, 50.77
2026-09-02, 00:03:32, 23.26, 50.77
2026-09-02, 00:03:34, 23.24, 50.77
2026-09-02, 00:03:35, 23.27, 50.74
2026-09-02, 00:03:36, 23.25, 50.77
2026-09-02, 00:03:38, 23.25, 50.77
2026-09-02, 00:03:39, 23.26, 50.77
2026-09-02, 00:03:40, 23.25, 50.77
2026-09-02, 00:03:42, 23.26, 50.77
2026-09-02, 00:03:43, 23.25, 50.77
2026-09-02, 00:03:44, 23.25, 50.8
2026-09-02, 00:03:46, 23.24, 50.77
2026-09-02, 00:03:47, 23.24, 50.77
2026-09-02, 00:03:48, 23.26, 50.77
2026-09-02, 00:03:50, 23.25, 50.77
2026-09-02, 00:03:51, 23.26, 50.8
2026-09-02, 00:03:52, 23.25, 50.77
2026-09-02, 00:03:54, 23.26, 50.77
2026-09-02, 00:03:55, 23.26, 50.8
2026-09-02, 00:03:56, 23.24, 50.77
2026-09-02, 00:03:58, 23.24, 50.8
2026-09-02, 00:03:59, 23.25, 50.8
2026-09-02, 00:04:00, 23.25, 50.8
2026-09-02, 00:04:02, 23.24, 50.8
2026-09-02, 00:04:03, 23.24, 50.77
2026-09-02, 00:04:04, 23.25, 50.8
2026-09-02, 00:04:06, 23.25, 50.77
2026-09-02, 00:04:07, 23.26, 50.77
2026-09-02, 00:04:08, 23.25, 50.77
2026-09-02, 00:04:10, 23.24, 50.77
2026-09-02, 00:04:11, 23.25, 50.77
2026-09-02, 00:04:12, 23.26, 50.77
2026-09-02, 00:04:14, 23.24, 50.8
2026-09-02, 00:04:15, 23.25, 50.77
2026-09-02, 00:04:16, 23.24, 50.77
2026-09-02, 00:04:18, 23.23, 50.77
2026-09-02, 00:04:19, 23.23, 50.8
2026-09-02, 00:04:20, 23.23, 50.77
2026-09-02, 00:04:22, 23.23, 50.8
2026-09-02, 00:04:23, 23.24, 50.8
2026-09-02, 00:04:24, 23.24, 50.8
2026-09-02, 00:04:26, 23.24, 50.8
2026-09-02, 00:04:27, 23.22, 50.8
2026-09-02, 00:04:28, 23.22, 50.8
2026-09-02, 00:04:30, 23.22, 50.8
2026-09-02, 00:04:31, 23.22, 50.8
2026-09-02, 00:04:32, 23.22, 50.8
2026-09-02, 00:04:34, 23.22, 50.83
2026-09-02, 00:04:35, 23.2, 50.83
2026-09-02, 00:04:36, 23.21, 50.83
2026-09-02, 00:04:38, 23.2, 50.83
2026-09-02, 00:04:39, 23.21, 50.83
2026-09-02, 00:04:40, 23.2, 50.83
2026-09-02, 00:04:42, 23.22, 50.83
2026-09-02, 00:04:43, 23.21, 50.83
2026-09-02, 00:04:44, 23.22, 50.83
2026-09-02, 00:04:46, 23.21, 50.83
2026-09-02, 00:04:47, 23.2, 50.83
2026-09-02, 00:04:48, 23.22, 50.83
2026-09-02, 00:04:50, 23.22, 50.86
2026-09-02, 00:04:51, 23.21, 50.86
2026-09-02, 00:04:52, 23.22, 50.86
2026-09-02, 00:04:54, 23.21, 50.86
2026-09-02, 00:04:55, 23.22, 50.86
2026-09-02, 00:04:56, 23.21, 50.86
2026-09-02, 00:04:57, 23.21, 50.86
2026-09-02, 00:04:59, 23.2, 50.86
2026-09-02, 00:05:00, 23.22, 50.86
2026-09-02, 00:05:01, 23.21, 50.89
2026-09-02, 00:05:03, 23.21, 50.86
2026-09-02, 00:05:04, 23.21, 50.86
2026-09-02, 00:05:05, 23.21, 50.89
2026-09-02, 00:05:07, 23.21, 50.86
2026-09-02, 00:05:08, 23.2, 50.86
2026-09-02, 00:05:09, 23.21, 50.86
2026-09-02, 00:05:11, 23.21, 50.86
2026-09-02, 00:05:12, 23.2, 50.86
2026-09-02, 00:05:13, 23.2, 50.89
2026-09-02, 00:05:15, 23.19, 50.86
2026-09-02, 00:05:16, 23.19, 50.89
2026-09-02, 00:05:17, 23.19, 50.89
2026-09-02, 00:05:19, 23.19, 50.89
2026-09-02, 00:05:20, 23.19, 50.89
2026-09-02, 00:05:21, 23.19, 50.89
2026-09-02, 00:05:23, 23.2, 50.89
2026-09-02, 00:05:24, 23.19, 50.89
2026-09-02, 00:05:25, 23.19, 50.92
2026-09-02, 00:05:27, 23.21, 50.92
2026-09-02, 00:05:28, 23.2, 50.92
2026-09-02, 00:05:29, 23.2, 50.92
2026-09-02, 00:05:31, 23.21, 50.92
2026-09-02, 00:05:32, 23.2, 50.92
2026-09-02, 00:05:33, 23.2, 50.92
2026-09-02, 00:05:35, 23.2, 50.92
2026-09-02, 00:05:36, 23.2, 50.95
2026-09-02, 00:05:37, 23.18, 50.95
2026-09-02, 00:05:39, 23.19, 50.92
2026-09-02, 00:05:40, 23.19, 50.92
2026-09-02, 00:05:41, 23.2, 50.92
2026-09-02, 00:05:43, 23.19, 50.95
2026-09-02, 00:05:44, 23.19, 50.95
2026-09-02, 00:05:45, 23.2, 50.95
2026-09-02, 00:05:47, 23.2, 50.95
2026-09-02, 00:05:48, 23.2, 50.95
2026-09-02, 00:05:49, 23.21, 50.95
2026-09-02, 00:05:51, 23.2, 50.95
2026-09-02, 00:05:52, 23.2, 50.95
2026-09-02, 00:05:53, 23.2, 50.95
2026-09-02, 00:05:55, 23.2, 50.95
2026-09-02, 00:05:56, 23.2, 50.95
2026-09-02, 00:05:57, 23.2, 50.95
2026-09-02, 00:05:59, 23.2, 50.95
2026-09-02, 00:06:00, 23.2, 50.95
2026-09-02, 00:06:01, 23.21, 50.95
2026-09-02, 00:06:03, 23.21, 50.95
2026-09-02, 00:06:04, 23.2, 50.95
2026-09-02, 00:06:05, 23.2, 50.95
2026-09-02, 00:06:07, 23.2, 50.95
2026-09-02, 00:06:08, 23.2, 50.95
2026-09-02, 00:06:09, 23.2, 50.99
2026-09-02, 00:06:11, 23.2, 50.95
2026-09-02, 00:06:12, 23.2, 50.99
2026-09-02, 00:06:13, 23.21, 50.95
2026-09-02, 00:06:15, 23.2, 50.95
2026-09-02, 00:06:16, 23.2, 50.99
2026-09-02, 00:06:17, 23.18, 50.98
2026-09-02, 00:06:19, 23.18, 50.98
2026-09-02, 00:06:20, 23.18, 51.01
2026-09-02, 00:06:21, 23.17, 50.98
2026-09-02, 00:06:23, 23.18, 50.98
2026-09-02, 00:06:24, 23.17, 50.98
2026-09-02, 00:06:25, 23.18, 51.01
2026-09-02, 00:06:27, 23.19, 50.98
2026-09-02, 00:06:28, 23.18, 51.01
2026-09-02, 00:06:29, 23.17, 50.98
2026-09-02, 00:06:31, 23.17, 51.01
2026-09-02, 00:06:32, 23.16, 51.01
2026-09-02, 00:06:33, 23.18, 51.01
2026-09-02, 00:06:35, 23.17, 51.01
2026-09-02, 00:06:36, 23.18, 51.01
2026-09-02, 00:06:37, 23.17, 51.01
2026-09-02, 00:06:39, 23.17, 51.04
2026-09-02, 00:06:40, 23.18, 51.05
2026-09-02, 00:06:41, 23.18, 51.05
2026-09-02, 00:06:43, 23.18, 51.05
2026-09-02, 00:06:44, 23.18, 51.05
2026-09-02, 00:06:45, 23.17, 51.04
2026-09-02, 00:06:47, 23.18, 51.05
2026-09-02, 00:06:48, 23.18, 51.05
2026-09-02, 00:06:49, 23.17, 51.01
2026-09-02, 00:06:51, 23.18, 51.05
2026-09-02, 00:06:52, 23.17, 51.01
2026-09-02, 00:06:53, 23.18, 51.01
2026-09-02, 00:06:55, 23.18, 51.05
2026-09-02, 00:06:56, 23.18, 51.05
2026-09-02, 00:06:57, 23.18, 51.01
2026-09-02, 00:06:58, 23.19, 51.05
2026-09-02, 00:07:00, 23.18, 51.05
2026-09-02, 00:07:01, 23.18, 51.05
2026-09-02, 00:07:02, 23.18, 51.05
2026-09-02, 00:07:04, 23.18, 51.05
2026-09-02, 00:07:05, 23.17, 51.04
2026-09-02, 00:07:06, 23.17, 51.04
2026-09-02, 00:07:08, 23.16, 51.04
2026-09-02, 00:07:09, 23.16, 51.04
2026-09-02, 00:07:10, 23.17, 51.04
2026-09-02, 00:07:12, 23.16, 51.07
2026-09-02, 00:07:13, 23.16, 51.07
2026-09-02, 00:07:14, 23.17, 51.08
2026-09-02, 00:07:16, 23.16, 51.07
2026-09-02, 00:07:17, 23.17, 51.08
2026-09-02, 00:07:18, 23.16, 51.07
2026-09-02, 00:07:20, 23.15, 51.07
2026-09-02, 00:07:21, 23.16, 51.07
2026-09-02, 00:07:22, 23.16, 51.07
2026-09-02, 00:07:24, 23.16, 51.07
2026-09-02, 00:07:25, 23.16, 51.07
2026-09-02, 00:07:26, 23.16, 51.07
2026-09-02, 00:07:28, 23.16, 51.07
2026-09-02, 00:07:29, 23.15, 51.07
2026-09-02, 00:07:30, 23.14, 51.07
2026-09-02, 00:07:32, 23.16, 51.11
2026-09-02, 00:07:33, 23.16, 51.14
2026-09-02, 00:07:34, 23.16, 51.11
2026-09-02, 00:07:36, 23.15, 51.1
2026-09-02, 00:07:37, 23.14, 51.13
2026-09-02, 00:07:38, 23.14, 51.1
2026-09-02, 00:07:40, 23.12, 51.13
2026-09-02, 00:07:41, 23.14, 51.13
2026-09-02, 00:07:42, 23.14, 51.13
2026-09-02, 00:07:44, 23.15, 51.14
2026-09-02, 00:07:45, 23.14, 51.13
2026-09-02, 00:07:46, 23.14, 51.13
2026-09-02, 00:07:48, 23.16, 51.14
2026-09-02, 00:07:49, 23.15, 51.17
2026-09-02, 00:07:50, 23.12, 51.16
2026-09-02, 00:07:52, 23.16, 51.17
2026-09-02, 00:07:53, 23.15, 51.17
2026-09-02, 00:07:54, 23.16, 51.17
2026-09-02, 00:07:56, 23.14, 51.13
2026-09-02, 00:07:57, 23.14, 51.13
2026-09-02, 00:07:58, 23.14, 51.17
2026-09-02, 00:08:00, 23.15, 51.17
2026-09-02, 00:08:01, 23.14, 51.17
2026-09-02, 00:08:02, 23.14, 51.17
2026-09-02, 00:08:04, 23.15, 51.17
2026-09-02, 00:08:05, 23.15, 51.17
2026-09-02, 00:08:06, 23.15, 51.17
2026-09-02, 00:08:08, 23.14, 51.17
2026-09-02, 00:08:09, 23.15, 51.17
2026-09-02, 00:08:10, 23.15, 51.17
2026-09-02, 00:08:12, 23.15, 51.17
2026-09-02, 00:08:13, 23.14, 51.17
2026-09-02, 00:08:14, 23.16, 51.17
2026-09-02, 00:08:16, 23.15, 51.2
2026-09-02, 00:08:17, 23.15, 51.2
2026-09-02, 00:08:18, 23.14, 51.2
2026-09-02, 00:08:20, 23.14, 51.2
2026-09-02, 00:08:21, 23.14, 51.2
2026-09-02, 00:08:22, 23.13, 51.2
2026-09-02, 00:08:24, 23.14, 51.2
2026-09-02, 00:08:25, 23.14, 51.2
2026-09-02, 00:08:26, 23.14, 51.2
2026-09-02, 00:08:28, 23.16, 51.2
2026-09-02, 00:08:29, 23.14, 51.2
2026-09-02, 00:08:30, 23.14, 51.2
2026-09-02, 00:08:32, 23.13, 51.23
2026-09-02, 00:08:33, 23.13, 51.2
2026-09-02, 00:08:34, 23.14, 51.23
2026-09-02, 00:08:36, 23.14, 51.23
2026-09-02, 00:08:37, 23.13, 51.2
2026-09-02, 00:08:38, 23.12, 51.23
2026-09-02, 00:08:39, 23.12, 51.23
2026-09-02, 00:08:41, 23.12, 51.26
2026-09-02, 00:08:42, 23.14, 51.26
2026-09-02, 00:08:43, 23.13, 51.26
2026-09-02, 00:08:45, 23.14, 51.26
2026-09-02, 00:08:46, 23.14, 51.26
2026-09-02, 00:08:47, 23.14, 51.26
2026-09-02, 00:08:49, 23.14, 51.26
2026-09-02, 00:08:50, 23.14, 51.26
2026-09-02, 00:08:51, 23.13, 51.26
2026-09-02, 00:08:53, 23.14, 51.26
2026-09-02, 00:08:54, 23.14, 51.26
2026-09-02, 00:08:55, 23.13, 51.26
2026-09-02, 00:08:57, 23.11, 51.26
2026-09-02, 00:08:58, 23.12, 51.26
2026-09-02, 00:08:59, 23.13, 51.26
2026-09-02, 00:09:01, 23.13, 51.26
2026-09-02, 00:09:02, 23.13, 51.29
2026-09-02, 00:09:03, 23.13, 51.29
2026-09-02, 00:09:05, 23.12, 51.26
2026-09-02, 00:09:06, 23.14, 51.29
2026-09-02, 00:09:07, 23.12, 51.26
2026-09-02, 00:09:09, 23.12, 51.26
2026-09-02, 00:09:10, 23.13, 51.29
2026-09-02, 00:09:11, 23.12, 51.26
2026-09-02, 00:09:13, 23.13, 51.29
2026-09-02, 00:09:14, 23.12, 51.26
2026-09-02, 00:09:15, 23.12, 51.26
2026-09-02, 00:09:17, 23.12, 51.29
2026-09-02, 00:09:18, 23.12, 51.32
2026-09-02, 00:09:19, 23.12, 51.32
2026-09-02, 00:09:21, 23.12, 51.32
2026-09-02, 00:09:22, 23.1, 51.29
2026-09-02, 00:09:23, 23.12, 51.32
2026-09-02, 00:09:25, 23.12, 51.32
2026-09-02, 00:09:26, 23.11, 51.32
2026-09-02, 00:09:27, 23.11, 51.32
2026-09-02, 00:09:29, 23.09, 51.32
2026-09-02, 00:09:30, 23.11, 51.32
2026-09-02, 00:09:31, 23.1, 51.32
2026-09-02, 00:09:33, 23.1, 51.32
2026-09-02, 00:09:34, 23.1, 51.32
2026-09-02, 00:09:35, 23.1, 51.35
2026-09-02, 00:09:37, 23.1, 51.35
2026-09-02, 00:09:38, 23.11, 51.32
2026-09-02, 00:09:39, 23.1, 51.35
2026-09-02, 00:09:41, 23.1, 51.35
2026-09-02, 00:09:42, 23.11, 51.35
2026-09-02, 00:09:43, 23.08, 51.35
2026-09-02, 00:09:45, 23.09, 51.38
2026-09-02, 00:09:46, 23.11, 51.38
2026-09-02, 00:09:47, 23.11, 51.35
2026-09-02, 00:09:49, 23.1, 51.38
2026-09-02, 00:09:50, 23.1, 51.38
2026-09-02, 00:09:51, 23.1, 51.38
2026-09-02, 00:09:53, 23.11, 51.38
2026-09-02, 00:09:54, 23.1, 51.38
2026-09-02, 00:09:55, 23.1, 51.38
2026-09-02, 00:09:57, 23.1, 51.38
2026-09-02, 00:09:58, 23.1, 51.38
2026-09-02, 00:09:59, 23.1, 51.38
2026-09-02, 00:10:01, 23.11, 51.38
2026-09-02, 00:10:02, 23.1, 51.38
2026-09-02, 00:10:03, 23.1, 51.38
2026-09-02, 00:10:05, 23.11, 51.38
2026-09-02, 00:10:06, 23.1, 51.41
2026-09-02, 00:10:07, 23.12, 51.42
2026-09-02, 00:10:09, 23.1, 51.38
2026-09-02, 00:10:10, 23.1, 51.38
2026-09-02, 00:10:11, 23.09, 51.38
2026-09-02, 00:10:13, 23.1, 51.41
2026-09-02, 00:10:14, 23.1, 51.38
2026-09-02, 00:10:15, 23.1, 51.38
2026-09-02, 00:10:17, 23.08, 51.41
2026-09-02, 00:10:18, 23.07, 51.41
2026-09-02, 00:10:19, 23.08, 51.41
2026-09-02, 00:10:21, 23.08, 51.44
2026-09-02, 00:10:22, 23.07, 51.44
2026-09-02, 00:10:23, 23.08, 51.41
2026-09-02, 00:10:25, 23.07, 51.44
2026-09-02, 00:10:26, 23.07, 51.44
2026-09-02, 00:10:27, 23.06, 51.44
2026-09-02, 00:10:28, 23.06, 51.44
2026-09-02, 00:10:30, 23.08, 51.44
2026-09-02, 00:10:31, 23.09, 51.44
2026-09-02, 00:10:32, 23.09, 51.44
2026-09-02, 00:10:34, 23.08, 51.44
2026-09-02, 00:10:35, 23.09, 51.48
2026-09-02, 00:10:36, 23.1, 51.48
2026-09-02, 00:10:38, 23.08, 51.47
2026-09-02, 00:10:39, 23.08, 51.47
2026-09-02, 00:10:40, 23.08, 51.47
2026-09-02, 00:10:42, 23.09, 51.48
2026-09-02, 00:10:43, 23.09, 51.48
2026-09-02, 00:10:44, 23.1, 51.51
2026-09-02, 00:10:46, 23.08, 51.47
2026-09-02, 00:10:47, 23.09, 51.48
2026-09-02, 00:10:48, 23.09, 51.48
2026-09-02, 00:10:50, 23.08, 51.47
2026-09-02, 00:10:51, 23.08, 51.51
2026-09-02, 00:10:52, 23.08, 51.51
2026-09-02, 00:10:54, 23.09, 51.48
2026-09-02, 00:10:55, 23.08, 51.51
2026-09-02, 00:10:56, 23.09, 51.48
2026-09-02, 00:10:58, 23.08, 51.51
2026-09-02, 00:10:59, 23.07, 51.47
2026-09-02, 00:11:00, 23.07, 51.5
2026-09-02, 00:11:02, 23.09, 51.51
2026-09-02, 00:11:03, 23.08, 51.51
2026-09-02, 00:11:04, 23.07, 51.5
2026-09-02, 00:11:06, 23.07, 51.5
2026-09-02, 00:11:07, 23.07, 51.5
2026-09-02, 00:11:08, 23.07, 51.5
2026-09-02, 00:11:10, 23.07, 51.5
2026-09-02, 00:11:11, 23.08, 51.51
2026-09-02, 00:11:12, 23.08, 51.51
2026-09-02, 00:11:14, 23.08, 51.51
2026-09-02, 00:11:15, 23.08, 51.51
2026-09-02, 00:11:16, 23.07, 51.54
2026-09-02, 00:11:18, 23.07, 51.5
2026-09-02, 00:11:19, 23.07, 51.5
2026-09-02, 00:11:20, 23.08, 51.54
2026-09-02, 00:11:22, 23.08, 51.51
2026-09-02, 00:11:23, 23.08, 51.51
2026-09-02, 00:11:24, 23.07, 51.5
2026-09-02, 00:11:26, 23.08, 51.54
2026-09-02, 00:11:27, 23.08, 51.54
2026-09-02, 00:11:28, 23.08, 51.54
2026-09-02, 00:11:30, 23.07, 51.54
2026-09-02, 00:11:31, 23.07, 51.54
2026-09-02, 00:11:32, 23.08, 51.54
2026-09-02, 00:11:34, 23.08, 51.57
2026-09-02, 00:11:35, 23.08, 51.51
2026-09-02, 00:11:36, 23.08, 51.54
2026-09-02, 00:11:38, 23.07, 51.57
2026-09-02, 00:11:39, 23.07, 51.57
2026-09-02, 00:11:40, 23.08, 51.57
2026-09-02, 00:11:42, 23.08, 51.57
2026-09-02, 00:11:43, 23.08, 51.57
2026-09-02, 00:11:44, 23.08, 51.57
2026-09-02, 00:11:46, 23.08, 51.57
2026-09-02, 00:11:47, 23.08, 51.57
2026-09-02, 00:11:48, 23.09, 51.57
2026-09-02, 00:11:50, 23.08, 51.57
2026-09-02, 00:11:51, 23.08, 51.57
2026-09-02, 00:11:52, 23.08, 51.57
2026-09-02, 00:11:54, 23.09, 51.57
2026-09-02, 00:11:55, 23.08, 51.6
2026-09-02, 00:11:56, 23.09, 51.57
2026-09-02, 00:11:58, 23.08, 51.6
2026-09-02, 00:11:59, 23.07, 51.6
2026-09-02, 00:12:00, 23.08, 51.57
2026-09-02, 00:12:02, 23.08, 51.6
2026-09-02, 00:12:03, 23.08, 51.6
2026-09-02, 00:12:04, 23.08, 51.6
2026-09-02, 00:12:06, 23.09, 51.6
2026-09-02, 00:12:07, 23.08, 51.6
2026-09-02, 00:12:08, 23.08, 51.6
2026-09-02, 00:12:09, 23.09, 51.57
2026-09-02, 00:12:11, 23.08, 51.57
2026-09-02, 00:12:12, 23.08, 51.57
2026-09-02, 00:12:13, 23.06, 51.6
2026-09-02, 00:12:15, 23.08, 51.57
2026-09-02, 00:12:16, 23.08, 51.6
2026-09-02, 00:12:17, 23.08, 51.57
2026-09-02, 00:12:19, 23.08, 51.6
2026-09-02, 00:12:20, 23.07, 51.57
2026-09-02, 00:12:21, 23.07, 51.6
2026-09-02, 00:12:23, 23.06, 51.6
2026-09-02, 00:12:24, 23.06, 51.6
2026-09-02, 00:12:25, 23.06, 51.63
2026-09-02, 00:12:27, 23.07, 51.63
2026-09-02, 00:12:28, 23.06, 51.63
2026-09-02, 00:12:29, 23.06, 51.63
2026-09-02, 00:12:31, 23.06, 51.63
2026-09-02, 00:12:32, 23.06, 51.63
2026-09-02, 00:12:33, 23.06, 51.63
2026-09-02, 00:12:35, 23.06, 51.66
2026-09-02, 00:12:36, 23.06, 51.66
2026-09-02, 00:12:37, 23.06, 51.63
2026-09-02, 00:12:39, 23.05, 51.63
2026-09-02, 00:12:40, 23.06, 51.66
2026-09-02, 00:12:41, 23.06, 51.66
2026-09-02, 00:12:43, 23.06, 51.66
2026-09-02, 00:12:44, 23.06, 51.66
2026-09-02, 00:12:45, 23.06, 51.69
2026-09-02, 00:12:47, 23.04, 51.69
2026-09-02, 00:12:48, 23.06, 51.66
2026-09-02, 00:12:49, 23.05, 51.66
2026-09-02, 00:12:51, 23.05, 51.66
2026-09-02, 00:12:52, 23.04, 51.69
2026-09-02, 00:12:53, 23.04, 51.69
2026-09-02, 00:12:55, 23.05, 51.69
2026-09-02, 00:12:56, 23.04, 51.69
2026-09-02, 00:12:57, 23.04, 51.69
2026-09-02, 00:12:59, 23.03, 51.69
2026-09-02, 00:13:00, 23.03, 51.69
2026-09-02, 00:13:01, 23.03, 51.69
2026-09-02, 00:13:03, 23.04, 51.69
2026-09-02, 00:13:04, 23.03, 51.72
2026-09-02, 00:13:05, 23.04, 51.72
2026-09-02, 00:13:07, 23.04, 51.72
2026-09-02, 00:13:08, 23.04, 51.72
2026-09-02, 00:13:09, 23.05, 51.72
2026-09-02, 00:13:11, 23.04, 51.72
2026-09-02, 00:13:12, 23.04, 51.75
2026-09-02, 00:13:13, 23.04, 51.72
2026-09-02, 00:13:15, 23.05, 51.75
2026-09-02, 00:13:16, 23.06, 51.72
2026-09-02, 00:13:17, 23.06, 51.75
2026-09-02, 00:13:19, 23.05, 51.72
2026-09-02, 00:13:20, 23.04, 51.75
2026-09-02, 00:13:21, 23.04, 51.75
2026-09-02, 00:13:23, 23.05, 51.75
2026-09-02, 00:13:24, 23.05, 51.75
2026-09-02, 00:13:25, 23.05, 51.75
2026-09-02, 00:13:27, 23.04, 51.75
2026-09-02, 00:13:28, 23.05, 51.75
2026-09-02, 00:13:29, 23.05, 51.75
2026-09-02, 00:13:31, 23.05, 51.75
2026-09-02, 00:13:32, 23.06, 51.75
2026-09-02, 00:13:33, 23.06, 51.75
2026-09-02, 00:13:35, 23.06, 51.75
2026-09-02, 00:13:36, 23.06, 51.75
2026-09-02, 00:13:37, 23.07, 51.72
2026-09-02, 00:13:39, 23.05, 51.72
2026-09-02, 00:13:40, 23.06, 51.72
2026-09-02, 00:13:41, 23.06, 51.72
2026-09-02, 00:13:43, 23.06, 51.72
2026-09-02, 00:13:44, 23.06, 51.72
2026-09-02, 00:13:45, 23.06, 51.72
2026-09-02, 00:13:46, 23.04, 51.72
2026-09-02, 00:13:48, 23.06, 51.72
2026-09-02, 00:13:49, 23.05, 51.72
2026-09-02, 00:13:50, 23.03, 51.75
2026-09-02, 00:13:52, 23.06, 51.75
2026-09-02, 00:13:53, 23.06, 51.75
2026-09-02, 00:13:54, 23.08, 51.73
2026-09-02, 00:13:56, 23.06, 51.72
2026-09-02, 00:13:57, 23.07, 51.72
2026-09-02, 00:13:58, 23.05, 51.72
2026-09-02, 00:14:00, 23.05, 51.75
2026-09-02, 00:14:01, 23.05, 51.72
2026-09-02, 00:14:02, 23.06, 51.75
2026-09-02, 00:14:04, 23.04, 51.75
2026-09-02, 00:14:05, 23.05, 51.75
2026-09-02, 00:14:06, 23.05, 51.75
2026-09-02, 00:14:08, 23.06, 51.75
2026-09-02, 00:14:09, 23.04, 51.75
2026-09-02, 00:14:10, 23.06, 51.75
2026-09-02, 00:14:12, 23.04, 51.75
2026-09-02, 00:14:13, 23.06, 51.75
2026-09-02, 00:14:14, 23.05, 51.75
2026-09-02, 00:14:16, 23.06, 51.75
2026-09-02, 00:14:17, 23.06, 51.75
2026-09-02, 00:14:18, 23.05, 51.75
2026-09-02, 00:14:20, 23.05, 51.78
2026-09-02, 00:14:21, 23.07, 51.79
2026-09-02, 00:14:22, 23.07, 51.76
2026-09-02, 00:14:24, 23.06, 51.79
2026-09-02, 00:14:25, 23.07, 51.79
2026-09-02, 00:14:26, 23.07, 51.76
2026-09-02, 00:14:28, 23.08, 51.76
2026-09-02, 00:14:29, 23.08, 51.76
2026-09-02, 00:14:30, 23.06, 51.75
2026-09-02, 00:14:32, 23.08, 51.79
2026-09-02, 00:14:33, 23.08, 51.76
2026-09-02, 00:14:34, 23.07, 51.76
2026-09-02, 00:14:36, 23.07, 51.76
2026-09-02, 00:14:37, 23.07, 51.79
2026-09-02, 00:14:38, 23.06, 51.75
2026-09-02, 00:14:40, 23.07, 51.76
2026-09-02, 00:14:41, 23.07, 51.76
2026-09-02, 00:14:42, 23.06, 51.75
2026-09-02, 00:14:44, 23.07, 51.76
2026-09-02, 00:14:45, 23.07, 51.76
2026-09-02, 00:14:46, 23.08, 51.76
2026-09-02, 00:14:48, 23.07, 51.76
2026-09-02, 00:14:49, 23.06, 51.75
2026-09-02, 00:14:50, 23.06, 51.75
2026-09-02, 00:14:52, 23.07, 51.76
2026-09-02, 00:14:53, 23.06, 51.79
2026-09-02, 00:14:54, 23.07, 51.76
2026-09-02, 00:14:56, 23.06, 51.75
2026-09-02, 00:14:57, 23.07, 51.76
2026-09-02, 00:14:58, 23.06, 51.75
2026-09-02, 00:15:00, 23.06, 51.75
2026-09-02, 00:15:01, 23.07, 51.79
